{"cameraMode":{"drawMode":0,"name":"Shaded","section":"Shading Mode"},"sceneLighting":true,"audioPlay":false,"sceneViewState":{"m_AlwaysRefresh":false,"showFog":true,"showSkybox":true,"showFlares":true,"showImageEffects":true,"showParticleSystems":true,"showVisualEffectGraphs":true,"m_FxEnabled":true},"in2DMode":false,"pivot":{"x":5.402122974395752,"y":7.187619209289551,"z":51.28126525878906},"rotation":{"x":0.019491693004965783,"y":-0.026991577818989755,"z":0.0005264070932753384,"w":0.9994458556175232},"size":77.23072052001953,"orthographic":true}