{"cameraMode":{"drawMode":0,"name":"Shaded","section":"Shading Mode"},"sceneLighting":true,"audioPlay":false,"sceneViewState":{"m_AlwaysRefresh":false,"showFog":true,"showSkybox":true,"showFlares":true,"showImageEffects":true,"showParticleSystems":true,"showVisualEffectGraphs":true,"m_FxEnabled":true},"in2DMode":false,"pivot":{"x":-0.8418117761611939,"y":-0.5610711574554443,"z":0.08464908599853516},"rotation":{"x":-0.17902474105358125,"y":-0.007378789130598307,"z":-0.001342751900665462,"w":0.9838168621063232},"size":5.277608394622803,"orthographic":true}